﻿{"cameraMode":{"drawMode":0,"name":"Shaded","section":"Shading Mode"},"sceneLighting":false,"audioPlay":false,"sceneViewState":{"showFog":true,"showMaterialUpdate":false,"showSkybox":true,"showFlares":true,"showImageEffects":true,"showParticleSystems":true},"in2DMode":false,"pivot":{"x":0.0,"y":-0.0048945993185043339,"z":-3.2782554626464846e-7},"rotation":{"x":0.2814483940601349,"y":0.19964143633842469,"z":-0.05998866260051727,"w":0.9366598129272461},"size":1.7050516605377198,"orthographic":true}