﻿{"cameraMode":{"drawMode":0,"name":"Shaded","section":"Shading Mode"},"sceneLighting":false,"audioPlay":false,"sceneViewState":{"showFog":true,"showMaterialUpdate":false,"showSkybox":true,"showFlares":true,"showImageEffects":true,"showParticleSystems":true},"in2DMode":false,"pivot":{"x":4.1303486824035648,"y":1.065999984741211,"z":-1.4803483486175538},"rotation":{"x":0.26950758695602419,"y":0.4061802923679352,"z":-0.12671467661857606,"w":0.8639019727706909},"size":6.3022589683532719,"orthographic":true}