﻿{"cameraMode":{"drawMode":0,"name":"Shaded","section":"Shading Mode"},"sceneLighting":false,"audioPlay":false,"sceneViewState":{"showFog":true,"showMaterialUpdate":false,"showSkybox":true,"showFlares":true,"showImageEffects":true,"showParticleSystems":true},"in2DMode":false,"pivot":{"x":5.960464477539063e-8,"y":0.009757578372955323,"z":-5.960464477539063e-7},"rotation":{"x":0.2814483940601349,"y":0.19964143633842469,"z":-0.05998866260051727,"w":0.9366598129272461},"size":5.21471643447876,"orthographic":true}