﻿{"cameraMode":{"drawMode":0,"name":"Shaded","section":"Shading Mode"},"sceneLighting":true,"audioPlay":false,"sceneViewState":{"showFog":true,"showMaterialUpdate":false,"showSkybox":true,"showFlares":true,"showImageEffects":true,"showParticleSystems":true},"in2DMode":false,"pivot":{"x":2.0083489418029787,"y":0.28978681564331057,"z":-4.193418502807617},"rotation":{"x":0.30579882860183718,"y":0.5768649578094482,"z":-0.24627816677093507,"w":0.716282844543457},"size":7.67852783203125,"orthographic":false}