﻿{"cameraMode":{"drawMode":0,"name":"Shaded","section":"Shading Mode"},"sceneLighting":false,"audioPlay":false,"sceneViewState":{"showFog":true,"showMaterialUpdate":false,"showSkybox":true,"showFlares":true,"showImageEffects":true,"showParticleSystems":true},"in2DMode":false,"pivot":{"x":0.9134225249290466,"y":0.8554208278656006,"z":-7.712820529937744},"rotation":{"x":0.13182570040225984,"y":0.3584417700767517,"z":-0.05120765417814255,"w":0.9227780699729919},"size":2.9956037998199465,"orthographic":true}