﻿{"cameraMode":{"drawMode":0,"name":"Shaded","section":"Shading Mode"},"sceneLighting":false,"audioPlay":false,"sceneViewState":{"showFog":true,"showMaterialUpdate":false,"showSkybox":true,"showFlares":true,"showImageEffects":true,"showParticleSystems":true},"in2DMode":false,"pivot":{"x":9.717711448669434,"y":1.065999984741211,"z":-3.964647054672241},"rotation":{"x":0.07243648171424866,"y":0.16380895674228669,"z":-0.012061668559908867,"w":0.9837551712989807},"size":39.366737365722659,"orthographic":false}