﻿{"cameraMode":{"drawMode":0,"name":"Shaded","section":"Shading Mode"},"sceneLighting":false,"audioPlay":false,"sceneViewState":{"showFog":true,"showMaterialUpdate":false,"showSkybox":true,"showFlares":true,"showImageEffects":true,"showParticleSystems":true},"in2DMode":false,"pivot":{"x":-2.8688204288482668,"y":-0.07810426503419876,"z":2.879889965057373},"rotation":{"x":0.25291863083839419,"y":0.3866185247898102,"z":-0.11113292723894119,"w":0.8798907995223999},"size":3.902869701385498,"orthographic":true}