﻿{"cameraMode":{"drawMode":0,"name":"Shaded","section":"Shading Mode"},"sceneLighting":false,"audioPlay":false,"sceneViewState":{"showFog":true,"showMaterialUpdate":false,"showSkybox":true,"showFlares":true,"showImageEffects":true,"showParticleSystems":true},"in2DMode":false,"pivot":{"x":0.0,"y":-0.009698420763015747,"z":-5.960464477539063e-7},"rotation":{"x":0.2814483940601349,"y":0.19964143633842469,"z":-0.05998866260051727,"w":0.9366598129272461},"size":4.542282581329346,"orthographic":true}