﻿{"cameraMode":{"drawMode":0,"name":"Shaded","section":"Shading Mode"},"sceneLighting":false,"audioPlay":false,"sceneViewState":{"showFog":true,"showMaterialUpdate":false,"showSkybox":true,"showFlares":true,"showImageEffects":true,"showParticleSystems":true},"in2DMode":false,"pivot":{"x":2.7523579597473146,"y":1.065999984741211,"z":-5.252358436584473},"rotation":{"x":0.16214041411876679,"y":0.26008474826812746,"z":-0.04435034468770027,"w":0.95084148645401},"size":12.411416053771973,"orthographic":true}