﻿{"cameraMode":{"drawMode":0,"name":"Shaded","section":"Shading Mode"},"sceneLighting":false,"audioPlay":false,"sceneViewState":{"showFog":true,"showMaterialUpdate":false,"showSkybox":true,"showFlares":true,"showImageEffects":true,"showParticleSystems":true},"in2DMode":false,"pivot":{"x":-0.00925024040043354,"y":1.526471495628357,"z":2.4577512741088869},"rotation":{"x":-0.05752500146627426,"y":0.40558409690856936,"z":0.025585701689124109,"w":0.911886990070343},"size":4.178867816925049,"orthographic":false}