﻿{"cameraMode":{"drawMode":0,"name":"Shaded","section":"Shading Mode"},"sceneLighting":false,"audioPlay":false,"sceneViewState":{"showFog":true,"showMaterialUpdate":false,"showSkybox":true,"showFlares":true,"showImageEffects":true,"showParticleSystems":true},"in2DMode":false,"pivot":{"x":1.940000057220459,"y":0.32200002670288088,"z":-7.800000190734863},"rotation":{"x":0.2161979377269745,"y":0.18470343947410584,"z":-0.04169134795665741,"w":0.9578126072883606},"size":2.927455186843872,"orthographic":false}