﻿{"cameraMode":{"drawMode":0,"name":"Shaded","section":"Shading Mode"},"sceneLighting":false,"audioPlay":false,"sceneViewState":{"showFog":true,"showMaterialUpdate":false,"showSkybox":true,"showFlares":true,"showImageEffects":true,"showParticleSystems":true},"in2DMode":false,"pivot":{"x":0.03500000014901161,"y":1.2000000476837159,"z":0.9099999666213989},"rotation":{"x":0.16297954320907594,"y":-0.7428768277168274,"z":0.19555340707302094,"w":0.6191369891166687},"size":3.3428757190704347,"orthographic":false}