﻿{"cameraMode":{"drawMode":0,"name":"Shaded","section":"Shading Mode"},"sceneLighting":false,"audioPlay":false,"sceneViewState":{"showFog":true,"showMaterialUpdate":false,"showSkybox":true,"showFlares":true,"showImageEffects":true,"showParticleSystems":true},"in2DMode":false,"pivot":{"x":3.06760311126709,"y":0.5281395316123962,"z":-0.9664698839187622},"rotation":{"x":0.6723522543907166,"y":-0.004441296681761742,"z":0.004034162499010563,"w":0.7402070760726929},"size":1.7071139812469483,"orthographic":true}