﻿{"cameraMode":{"drawMode":0,"name":"Shaded","section":"Shading Mode"},"sceneLighting":false,"audioPlay":false,"sceneViewState":{"showFog":true,"showMaterialUpdate":false,"showSkybox":true,"showFlares":true,"showImageEffects":true,"showParticleSystems":true},"in2DMode":false,"pivot":{"x":-1.7881393432617188e-7,"y":-0.014402657747268677,"z":2.384185791015625e-7},"rotation":{"x":0.2814483940601349,"y":0.19964143633842469,"z":-0.05998866260051727,"w":0.9366598129272461},"size":7.123556137084961,"orthographic":true}