﻿{"cameraMode":{"drawMode":0,"name":"Shaded","section":"Shading Mode"},"sceneLighting":false,"audioPlay":false,"sceneViewState":{"showFog":true,"showMaterialUpdate":false,"showSkybox":true,"showFlares":true,"showImageEffects":true,"showParticleSystems":true},"in2DMode":false,"pivot":{"x":0.07300000637769699,"y":0.15000000596046449,"z":-0.07100000977516175},"rotation":{"x":0.3402501344680786,"y":0.03243196755647659,"z":-0.011744283139705658,"w":0.9397021532058716},"size":1.6143039464950562,"orthographic":false}