﻿{"cameraMode":{"drawMode":0,"name":"Shaded","section":"Shading Mode"},"sceneLighting":false,"audioPlay":false,"sceneViewState":{"showFog":true,"showMaterialUpdate":false,"showSkybox":true,"showFlares":true,"showImageEffects":true,"showParticleSystems":true},"in2DMode":false,"pivot":{"x":2.4311559200286867,"y":0.24376845359802247,"z":-0.5235097408294678},"rotation":{"x":-0.08479326218366623,"y":-0.008062858134508133,"z":0.0006862095324322581,"w":-0.9963657259941101},"size":3.8058440685272219,"orthographic":true}